--
-- PostgreSQL database dump
--

-- Dumped from database version 16.2 (Debian 16.2-1.pgdg120+2)
-- Dumped by pg_dump version 16.2 (Debian 16.2-1.pgdg120+2)

SET statement_timeout = 0;
SET lock_timeout = 0;
SET idle_in_transaction_session_timeout = 0;
SET client_encoding = 'UTF8';
SET standard_conforming_strings = on;
SELECT pg_catalog.set_config('search_path', '', false);
SET check_function_bodies = false;
SET xmloption = content;
SET client_min_messages = warning;
SET row_security = off;

SET default_tablespace = '';

SET default_table_access_method = heap;

--
-- Name: bo; Type: TABLE; Schema: public; Owner: -
--

CREATE TABLE public.bo (
    codigo integer NOT NULL,
    tipo_ocorrencia_codigo integer,
    data_ocorrencia date,
    vitima_codigo integer,
    local_cidade character varying(30),
    local_estado character varying(2),
    descricao text
);


--
-- Name: bo_codigo_seq; Type: SEQUENCE; Schema: public; Owner: -
--

ALTER TABLE public.bo ALTER COLUMN codigo ADD GENERATED BY DEFAULT AS IDENTITY (
    SEQUENCE NAME public.bo_codigo_seq
    START WITH 1
    INCREMENT BY 1
    NO MINVALUE
    NO MAXVALUE
    CACHE 1
);


--
-- Name: telefone; Type: TABLE; Schema: public; Owner: -
--

CREATE TABLE public.telefone (
    codigo integer NOT NULL,
    vitima_codigo integer,
    telefone_operadora_codigo integer,
    tipo character varying(15) NOT NULL COLLATE pg_catalog."en_US.utf8",
    numero character varying(9) NOT NULL,
    ddd character varying(3) NOT NULL
);
ALTER TABLE ONLY public.telefone ALTER COLUMN tipo SET STORAGE MAIN;


--
-- Name: TABLE telefone; Type: COMMENT; Schema: public; Owner: -
--

COMMENT ON TABLE public.telefone IS 'Atributo tipo da relação TELEFONE possui valor padrão ‘_RESIDENCIAL_’ e
aceita apenas os valores ‘_RESIDENCIAL_’, ‘_COMERCIAL_’, ‘_RECADO_’ e
‘_CELULAR_’';


--
-- Name: telefone_codigo_seq; Type: SEQUENCE; Schema: public; Owner: -
--

ALTER TABLE public.telefone ALTER COLUMN codigo ADD GENERATED BY DEFAULT AS IDENTITY (
    SEQUENCE NAME public.telefone_codigo_seq
    START WITH 1
    INCREMENT BY 1
    NO MINVALUE
    NO MAXVALUE
    CACHE 1
);


--
-- Name: telefone_operadora; Type: TABLE; Schema: public; Owner: -
--

CREATE TABLE public.telefone_operadora (
    codigo integer NOT NULL,
    nome character varying(20) NOT NULL
);


--
-- Name: telefone_operadora_codigo_seq; Type: SEQUENCE; Schema: public; Owner: -
--

ALTER TABLE public.telefone_operadora ALTER COLUMN codigo ADD GENERATED BY DEFAULT AS IDENTITY (
    SEQUENCE NAME public.telefone_operadora_codigo_seq
    START WITH 1
    INCREMENT BY 1
    NO MINVALUE
    NO MAXVALUE
    CACHE 1
);


--
-- Name: tipo_ocorrencia; Type: TABLE; Schema: public; Owner: -
--

CREATE TABLE public.tipo_ocorrencia (
    codigo integer NOT NULL,
    nome character varying(30) NOT NULL
);


--
-- Name: tipo_ocorrencia_codigo_seq; Type: SEQUENCE; Schema: public; Owner: -
--

ALTER TABLE public.tipo_ocorrencia ALTER COLUMN codigo ADD GENERATED BY DEFAULT AS IDENTITY (
    SEQUENCE NAME public.tipo_ocorrencia_codigo_seq
    START WITH 1
    INCREMENT BY 1
    NO MINVALUE
    NO MAXVALUE
    CACHE 1
);


--
-- Name: vitima; Type: TABLE; Schema: public; Owner: -
--

CREATE TABLE public.vitima (
    codigo integer NOT NULL,
    datanasc date,
    nome character varying(20) NOT NULL
);


--
-- Name: v_qtd_violencia_contra_mulher; Type: VIEW; Schema: public; Owner: -
--

CREATE VIEW public.v_qtd_violencia_contra_mulher AS
 SELECT bo.data_ocorrencia,
    v.nome AS vitima,
    v.datanasc,
    tp.nome AS ocorrencia,
    bo.local_estado
   FROM ((public.bo
     LEFT JOIN public.tipo_ocorrencia tp ON ((bo.tipo_ocorrencia_codigo = tp.codigo)))
     LEFT JOIN public.vitima v ON ((v.codigo = bo.vitima_codigo)))
  WHERE ((EXTRACT(year FROM bo.data_ocorrencia) >= (EXTRACT(year FROM CURRENT_DATE) - (10)::numeric)) AND ((tp.nome)::text ~~ 'Violencia contra mulher'::text))
  GROUP BY bo.data_ocorrencia, bo.local_estado, v.nome, v.datanasc, tp.nome
  ORDER BY bo.local_estado;


--
-- Name: v_qtde_ocorrencias_30_dias_sp; Type: VIEW; Schema: public; Owner: -
--

CREATE VIEW public.v_qtde_ocorrencias_30_dias_sp AS
 SELECT bo.data_ocorrencia,
    bo.local_estado,
    tp.nome
   FROM (public.bo
     LEFT JOIN public.tipo_ocorrencia tp ON ((tp.codigo = bo.tipo_ocorrencia_codigo)))
  WHERE (bo.data_ocorrencia >= (CURRENT_DATE - '30 days'::interval))
  GROUP BY bo.data_ocorrencia, bo.local_estado, tp.nome
  ORDER BY tp.nome;


--
-- Name: v_ultimo_homicidio; Type: VIEW; Schema: public; Owner: -
--

CREATE VIEW public.v_ultimo_homicidio AS
 SELECT bo.data_ocorrencia,
    v.nome AS vitima,
    v.datanasc,
    tp.nome AS ocorrencia,
    bo.local_estado
   FROM ((public.bo
     LEFT JOIN public.tipo_ocorrencia tp ON ((bo.tipo_ocorrencia_codigo = tp.codigo)))
     LEFT JOIN public.vitima v ON ((v.codigo = bo.vitima_codigo)))
  WHERE (((tp.nome)::text ~~ 'Homicidio%'::text) AND ((bo.local_estado)::text = 'MS'::text))
  ORDER BY bo.data_ocorrencia DESC
 LIMIT 1;


--
-- Name: vitima_codigo_seq; Type: SEQUENCE; Schema: public; Owner: -
--

ALTER TABLE public.vitima ALTER COLUMN codigo ADD GENERATED BY DEFAULT AS IDENTITY (
    SEQUENCE NAME public.vitima_codigo_seq
    START WITH 1
    INCREMENT BY 1
    NO MINVALUE
    NO MAXVALUE
    CACHE 1
);


--
-- Data for Name: bo; Type: TABLE DATA; Schema: public; Owner: -
--

INSERT INTO public.bo VALUES (1, 1, '1986-02-26', 1, 'Brasilia', 'DF', 'CONFIDENCIAL');
INSERT INTO public.bo VALUES (2, 1, '2011-06-11', 1, 'Tres Lagoas', 'MS', 'CONFIDENCIAL');
INSERT INTO public.bo VALUES (3, 1, '2016-08-25', 2, 'Tres Lagoas', 'MS', 'CONFIDENCIAL');
INSERT INTO public.bo VALUES (4, 1, '2011-06-11', 1, 'Campo Grande', 'MS', 'CONFIDENCIAL');
INSERT INTO public.bo VALUES (5, 1, '2004-05-10', 1, 'Andradina', 'SP', 'CONFIDENCIAL');
INSERT INTO public.bo VALUES (6, 2, '2014-03-10', 2, 'Castilho', 'SP', 'CONFIDENCIAL');
INSERT INTO public.bo VALUES (7, 2, '2016-02-14', 2, 'Ilha Solteira', 'SP', 'CONFIDENCIAL');
INSERT INTO public.bo VALUES (8, 2, '2001-08-13', 2, 'Fortaleza', 'CE', 'CONFIDENCIAL');
INSERT INTO public.bo VALUES (9, 2, '2016-09-03', 4, 'Campo Grande', 'MS', 'CONFIDENCIAL');
INSERT INTO public.bo VALUES (10, 3, '2016-08-29', 3, 'Curitiba', 'PR', 'CONFIDENCIAL');
INSERT INTO public.bo VALUES (11, 3, '2005-06-30', 4, 'Porto Alegre', 'RS', 'CONFIDENCIAL');
INSERT INTO public.bo VALUES (12, 3, '2002-05-10', 3, 'Florianopolis', 'SC', 'CONFIDENCIAL');
INSERT INTO public.bo VALUES (13, 4, '2003-08-20', 4, 'Sao Paulo', 'SP', 'CONFIDENCIAL');
INSERT INTO public.bo VALUES (14, 4, '2016-07-02', 4, 'Rio de Janeiro', 'RJ', 'CONFIDENCIAL');
INSERT INTO public.bo VALUES (15, 1, '1996-03-26', 1, 'Brasilia', 'DF', 'CONFIDENCIAL');
INSERT INTO public.bo VALUES (16, 1, '2001-07-11', 3, 'Agua Clara', 'MS', 'CONFIDENCIAL');
INSERT INTO public.bo VALUES (17, 1, '2016-06-10', 2, 'Penapolis', 'SP', 'CONFIDENCIAL');
INSERT INTO public.bo VALUES (18, 2, '1982-01-10', 1, 'Rinopolis', 'SP', 'CONFIDENCIAL');
INSERT INTO public.bo VALUES (19, 2, '1984-08-14', 2, 'Luiziania', 'SP', 'CONFIDENCIAL');
INSERT INTO public.bo VALUES (20, 2, '1981-01-13', 2, 'Crato', 'CE', 'CONFIDENCIAL');
INSERT INTO public.bo VALUES (21, 3, '2003-10-29', 2, 'Cascavel', 'PR', 'CONFIDENCIAL');
INSERT INTO public.bo VALUES (22, 3, '2003-10-29', 4, 'Maringa', 'PR', 'CONFIDENCIAL');
INSERT INTO public.bo VALUES (23, 3, '2011-08-30', 3, 'Santana do Livramento', 'RS', 'CONFIDENCIAL');
INSERT INTO public.bo VALUES (24, 3, '2011-08-30', 3, 'Passo Fundo', 'RS', 'CONFIDENCIAL');
INSERT INTO public.bo VALUES (25, 3, '2012-01-10', 3, 'Florianopolis', 'SC', 'CONFIDENCIAL');
INSERT INTO public.bo VALUES (26, 2, '1993-09-20', 1, 'Sao Paulo', 'SP', 'CONFIDENCIAL');
INSERT INTO public.bo VALUES (27, 1, '1994-12-02', 4, 'Rio de Janeiro', 'RJ', 'CONFIDENCIAL');
INSERT INTO public.bo VALUES (28, 2, '2006-03-26', 2, 'Agua Clara', 'MS', 'CONFIDENCIAL');
INSERT INTO public.bo VALUES (29, 2, '1996-04-21', 3, 'Ponta Pora', 'MS', 'CONFIDENCIAL');
INSERT INTO public.bo VALUES (30, 2, '1996-04-21', 1, 'Ponta Pora', 'MS', 'CONFIDENCIAL');
INSERT INTO public.bo VALUES (31, 2, '1991-07-11', 4, 'Brasilia', 'DF', 'CONFIDENCIAL');
INSERT INTO public.bo VALUES (32, 2, '1914-06-10', 3, 'Rinopolis', 'SP', 'CONFIDENCIAL');
INSERT INTO public.bo VALUES (33, 1, '1992-01-10', 2, 'Penapolis', 'SP', 'CONFIDENCIAL');
INSERT INTO public.bo VALUES (34, 1, '1974-08-14', 3, 'Fortaleza', 'CE', 'CONFIDENCIAL');
INSERT INTO public.bo VALUES (35, 1, '1991-01-13', 4, 'Sao Jose do Rio Preto', 'SP', 'CONFIDENCIAL');
INSERT INTO public.bo VALUES (36, 2, '2013-10-29', 3, 'Maringa', 'PR', 'CONFIDENCIAL');
INSERT INTO public.bo VALUES (37, 3, '2016-08-29', 2, 'Cascavel', 'PR', 'CONFIDENCIAL');
INSERT INTO public.bo VALUES (38, 1, '2014-08-30', 4, 'Passo Fundo', 'RS', 'CONFIDENCIAL');
INSERT INTO public.bo VALUES (39, 2, '2001-08-30', 4, 'Pelotas', 'RS', 'CONFIDENCIAL');
INSERT INTO public.bo VALUES (40, 4, '2002-01-10', 2, 'Balneario Camburiu', 'SC', 'CONFIDENCIAL');
INSERT INTO public.bo VALUES (41, 3, '1953-09-20', 4, 'Adamantina', 'SP', 'CONFIDENCIAL');
INSERT INTO public.bo VALUES (42, 3, '1964-12-02', 3, 'Angra dos Reis', 'RJ', 'CONFIDENCIAL');
INSERT INTO public.bo VALUES (43, 1, '2016-03-26', 1, 'Agua Clara', 'MS', 'CONFIDENCIAL');
INSERT INTO public.bo VALUES (44, 3, '1998-04-21', 2, 'Ponta Pora', 'MS', 'CONFIDENCIAL');
INSERT INTO public.bo VALUES (45, 1, '1999-04-21', 3, 'Ponta Pora', 'MS', 'CONFIDENCIAL');
INSERT INTO public.bo VALUES (46, 1, '1992-07-11', 3, 'Brasilia', 'DF', 'CONFIDENCIAL');
INSERT INTO public.bo VALUES (47, 2, '1916-06-10', 2, 'Rinopolis', 'SP', 'CONFIDENCIAL');
INSERT INTO public.bo VALUES (48, 3, '2016-09-02', 1, 'Penapolis', 'SP', 'CONFIDENCIAL');
INSERT INTO public.bo VALUES (49, 2, '2013-08-14', 2, 'Fortaleza', 'CE', 'CONFIDENCIAL');
INSERT INTO public.bo VALUES (50, 2, '2012-01-13', 3, 'Sao Jose do Rio Preto', 'SP', 'CONFIDENCIAL');
INSERT INTO public.bo VALUES (51, 3, '2012-11-29', 4, 'Maringa', 'PR', 'CONFIDENCIAL');
INSERT INTO public.bo VALUES (52, 2, '2016-11-29', 1, 'Cascavel', 'PR', 'CONFIDENCIAL');
INSERT INTO public.bo VALUES (53, 1, '2012-08-30', 1, 'Passo Fundo', 'RS', 'CONFIDENCIAL');
INSERT INTO public.bo VALUES (54, 3, '2001-08-30', 2, 'Pelotas', 'RS', 'CONFIDENCIAL');
INSERT INTO public.bo VALUES (55, 2, '2002-01-10', 3, 'Adamantina', 'SP', 'CONFIDENCIAL');
INSERT INTO public.bo VALUES (56, 1, '1953-09-20', 4, 'Balneario Camburiu', 'SC', 'CONFIDENCIAL');
INSERT INTO public.bo VALUES (57, 3, '1964-12-02', 3, 'Angra dos Reis', 'RJ', 'CONFIDENCIAL');
INSERT INTO public.bo VALUES (58, 1, '2016-03-26', 5, 'Agua Clara', 'MS', 'CONFIDENCIAL');
INSERT INTO public.bo VALUES (59, 3, '1998-04-21', 6, 'Ponta Pora', 'MS', 'CONFIDENCIAL');
INSERT INTO public.bo VALUES (60, 1, '1999-04-21', 7, 'Ponta Pora', 'MS', 'CONFIDENCIAL');
INSERT INTO public.bo VALUES (61, 1, '1992-07-11', 5, 'Brasilia', 'DF', 'CONFIDENCIAL');
INSERT INTO public.bo VALUES (62, 2, '1916-06-10', 6, 'Rinopolis', 'SP', 'CONFIDENCIAL');
INSERT INTO public.bo VALUES (63, 3, '2016-09-02', 7, 'Penapolis', 'SP', 'CONFIDENCIAL');
INSERT INTO public.bo VALUES (64, 2, '2013-08-14', 5, 'Fortaleza', 'CE', 'CONFIDENCIAL');
INSERT INTO public.bo VALUES (65, 3, '2012-01-13', 6, 'Sao Jose do Rio Preto', 'SP', 'CONFIDENCIAL');
INSERT INTO public.bo VALUES (66, 3, '2014-11-29', 7, 'Maringa', 'PR', 'CONFIDENCIAL');
INSERT INTO public.bo VALUES (67, 2, '2016-08-29', 5, 'Cascavel', 'PR', 'CONFIDENCIAL');
INSERT INTO public.bo VALUES (68, 1, '2012-08-30', 6, 'Passo Fundo', 'RS', 'CONFIDENCIAL');
INSERT INTO public.bo VALUES (69, 3, '2001-08-30', 7, 'Pelotas', 'RS', 'CONFIDENCIAL');
INSERT INTO public.bo VALUES (70, 2, '2002-01-10', 5, 'Adamantina', 'SP', 'CONFIDENCIAL');
INSERT INTO public.bo VALUES (71, 1, '1953-09-20', 6, 'Balneario Camburiu', 'SC', 'CONFIDENCIAL');
INSERT INTO public.bo VALUES (72, 2, '1964-12-02', 7, 'Angra dos Reis', 'RJ', 'CONFIDENCIAL');
INSERT INTO public.bo VALUES (73, 1, '2024-02-26', 1, 'Brasilia', 'DF', 'CONFIDENCIAL');
INSERT INTO public.bo VALUES (74, 1, '2024-06-11', 1, 'Tres Lagoas', 'MS', 'CONFIDENCIAL');
INSERT INTO public.bo VALUES (75, 1, '2024-08-25', 2, 'Tres Lagoas', 'MS', 'CONFIDENCIAL');
INSERT INTO public.bo VALUES (76, 1, '2024-06-11', 1, 'Campo Grande', 'MS', 'CONFIDENCIAL');
INSERT INTO public.bo VALUES (77, 4, '2024-12-26', 12, 'Brasilia', 'DF', 'CONFIDENCIAL');
INSERT INTO public.bo VALUES (78, 4, '2024-06-15', 17, 'Tres Lagoas', 'MS', 'CONFIDENCIAL');
INSERT INTO public.bo VALUES (79, 4, '2024-08-25', 20, 'Tres Lagoas', 'MS', 'CONFIDENCIAL');
INSERT INTO public.bo VALUES (80, 4, '2024-03-11', 15, 'Campo Grande', 'MS', 'CONFIDENCIAL');
INSERT INTO public.bo VALUES (81, 4, '2024-06-26', 12, 'Brasilia', 'DF', 'CONFIDENCIAL');
INSERT INTO public.bo VALUES (82, 4, '2024-06-15', 17, 'Tres Lagoas', 'MS', 'CONFIDENCIAL');
INSERT INTO public.bo VALUES (83, 4, '2024-06-25', 20, 'Tres Lagoas', 'MS', 'CONFIDENCIAL');
INSERT INTO public.bo VALUES (84, 4, '2024-06-11', 15, 'Campo Grande', 'MS', 'CONFIDENCIAL');


--
-- Data for Name: telefone; Type: TABLE DATA; Schema: public; Owner: -
--

INSERT INTO public.telefone VALUES (1, 1, 1, '_CELULAR_', '999999999', '067');
INSERT INTO public.telefone VALUES (2, 2, 2, '_CELULAR_', '888888888', '065');
INSERT INTO public.telefone VALUES (3, 3, 3, '_CELULAR_', '777777777', '011');
INSERT INTO public.telefone VALUES (4, 4, 4, '_RESIDENCIAL_', '666666666', '063');
INSERT INTO public.telefone VALUES (5, 5, 1, '_COMERCIAL_', '555555555', '018');
INSERT INTO public.telefone VALUES (6, 6, 2, '_RECADO_', '444444444', '017');
INSERT INTO public.telefone VALUES (7, 7, 3, '_RESIDENCIAL_', '333333333', '018');


--
-- Data for Name: telefone_operadora; Type: TABLE DATA; Schema: public; Owner: -
--

INSERT INTO public.telefone_operadora VALUES (1, 'Claro');
INSERT INTO public.telefone_operadora VALUES (2, 'Vivo');
INSERT INTO public.telefone_operadora VALUES (3, 'Oi');
INSERT INTO public.telefone_operadora VALUES (4, 'Tim');


--
-- Data for Name: tipo_ocorrencia; Type: TABLE DATA; Schema: public; Owner: -
--

INSERT INTO public.tipo_ocorrencia VALUES (1, 'Homicidio doloso');
INSERT INTO public.tipo_ocorrencia VALUES (2, 'Homicidio culposo');
INSERT INTO public.tipo_ocorrencia VALUES (3, 'Abuso contra menor');
INSERT INTO public.tipo_ocorrencia VALUES (4, 'Violencia contra mulher');
INSERT INTO public.tipo_ocorrencia VALUES (5, 'Assalto');
INSERT INTO public.tipo_ocorrencia VALUES (6, 'Furto');
INSERT INTO public.tipo_ocorrencia VALUES (7, 'Lesao Corporal');


--
-- Data for Name: vitima; Type: TABLE DATA; Schema: public; Owner: -
--

INSERT INTO public.vitima VALUES (1, '1986-06-21', 'Maria');
INSERT INTO public.vitima VALUES (2, '1986-06-21', 'João');
INSERT INTO public.vitima VALUES (3, '1986-06-21', 'Ana');
INSERT INTO public.vitima VALUES (4, '1986-06-21', 'Patricia');
INSERT INTO public.vitima VALUES (5, '1986-06-21', 'Bento');
INSERT INTO public.vitima VALUES (6, '1986-06-21', 'Raquel');
INSERT INTO public.vitima VALUES (7, '1986-06-21', 'Pedro');
INSERT INTO public.vitima VALUES (8, '1986-06-21', 'Marcos');
INSERT INTO public.vitima VALUES (9, '1986-06-21', 'Rodolfo');
INSERT INTO public.vitima VALUES (10, '1986-06-21', 'Rodrigo');
INSERT INTO public.vitima VALUES (11, '1986-06-21', 'Fernando');
INSERT INTO public.vitima VALUES (12, '1986-06-21', 'Maria');
INSERT INTO public.vitima VALUES (13, '1986-06-21', 'João');
INSERT INTO public.vitima VALUES (14, '1986-06-21', 'Ana');
INSERT INTO public.vitima VALUES (15, '1986-06-21', 'Patricia');
INSERT INTO public.vitima VALUES (16, '1986-06-21', 'Bento');
INSERT INTO public.vitima VALUES (17, '1986-06-21', 'Raquel');
INSERT INTO public.vitima VALUES (18, '1986-06-21', 'Pedro');
INSERT INTO public.vitima VALUES (19, '1986-06-21', 'Marcos');
INSERT INTO public.vitima VALUES (20, '1986-06-21', 'Rodolfo');
INSERT INTO public.vitima VALUES (21, '1986-06-21', 'Rodrigo');
INSERT INTO public.vitima VALUES (22, '1986-06-21', 'Fernando');


--
-- Name: bo_codigo_seq; Type: SEQUENCE SET; Schema: public; Owner: -
--

SELECT pg_catalog.setval('public.bo_codigo_seq', 84, true);


--
-- Name: telefone_codigo_seq; Type: SEQUENCE SET; Schema: public; Owner: -
--

SELECT pg_catalog.setval('public.telefone_codigo_seq', 7, true);


--
-- Name: telefone_operadora_codigo_seq; Type: SEQUENCE SET; Schema: public; Owner: -
--

SELECT pg_catalog.setval('public.telefone_operadora_codigo_seq', 4, true);


--
-- Name: tipo_ocorrencia_codigo_seq; Type: SEQUENCE SET; Schema: public; Owner: -
--

SELECT pg_catalog.setval('public.tipo_ocorrencia_codigo_seq', 7, true);


--
-- Name: vitima_codigo_seq; Type: SEQUENCE SET; Schema: public; Owner: -
--

SELECT pg_catalog.setval('public.vitima_codigo_seq', 22, true);


--
-- Name: bo bo_pkey; Type: CONSTRAINT; Schema: public; Owner: -
--

ALTER TABLE ONLY public.bo
    ADD CONSTRAINT bo_pkey PRIMARY KEY (codigo);


--
-- Name: telefone_operadora telefone_operadora_pkey; Type: CONSTRAINT; Schema: public; Owner: -
--

ALTER TABLE ONLY public.telefone_operadora
    ADD CONSTRAINT telefone_operadora_pkey PRIMARY KEY (codigo);


--
-- Name: telefone telefone_pkey; Type: CONSTRAINT; Schema: public; Owner: -
--

ALTER TABLE ONLY public.telefone
    ADD CONSTRAINT telefone_pkey PRIMARY KEY (codigo);


--
-- Name: tipo_ocorrencia tipo_ocorrencia_pkey; Type: CONSTRAINT; Schema: public; Owner: -
--

ALTER TABLE ONLY public.tipo_ocorrencia
    ADD CONSTRAINT tipo_ocorrencia_pkey PRIMARY KEY (codigo);


--
-- Name: vitima vitima_pkey; Type: CONSTRAINT; Schema: public; Owner: -
--

ALTER TABLE ONLY public.vitima
    ADD CONSTRAINT vitima_pkey PRIMARY KEY (codigo);


--
-- Name: telefone telefone_telefone_operadora_fk; Type: FK CONSTRAINT; Schema: public; Owner: -
--

ALTER TABLE ONLY public.telefone
    ADD CONSTRAINT telefone_telefone_operadora_fk FOREIGN KEY (telefone_operadora_codigo) REFERENCES public.telefone_operadora(codigo) ON UPDATE CASCADE ON DELETE CASCADE NOT VALID;


--
-- Name: telefone telefone_vitima_fk; Type: FK CONSTRAINT; Schema: public; Owner: -
--

ALTER TABLE ONLY public.telefone
    ADD CONSTRAINT telefone_vitima_fk FOREIGN KEY (vitima_codigo) REFERENCES public.vitima(codigo) ON UPDATE CASCADE ON DELETE CASCADE NOT VALID;


--
-- PostgreSQL database dump complete
--

